question,answer,leakage_score
"Miranda wasn't sure about what she was doing, she just knew that she couldn't stop moving her smelly feet. This was a problem, because she was told to do what?","Miranda was told to stay still and listen to the instructions given to her during the meditation workshop. Her restless feet were a distraction, pulling her focus away from the calming environment and the gentle guidance of the instructor. Despite her uncertainty, her mind raced as she tried to find a way to quiet both her feet and her thoughts.",0.5
"The police busted down his door, he realized only then he was just the pawn in his partner's grander what?",The police busted down his door; he realized only then he was just the pawn in his partner's grander scheme.,0.5
What kind of wine list can I expect to see in Paris?,"In Paris, you can expect to see a diverse and extensive wine list that reflects the rich wine culture of France. Here are some common characteristics and types of wines you might encounter:

1. **French Regional Wines**: The wine list will likely feature wines from various French regions, including:
   - **Bordeaux**: Renowned for its red blends, especially those with Cabernet Sauvignon and Merlot.
   - **Burgundy**: Famous for its Pinot Noir and Chardonnay, including iconic villages like Chablis, Gevrey-Chambertin, and Meursault.
   - **Champagne**: Sparkling wines from the Champagne region, with options for both non-vintage and vintage selections.
   - **Rhone Valley**: A variety of wines, including reds from Châteauneuf-du-Pape and whites from Condrieu.
   - **Loire Valley**: Known for crisp whites like Sauvignon Blanc and Chenin Blanc, as well as some distinctive reds.

2. **Natural and Organic Wines**: Many Parisian restaurants and wine bars are embracing natural wines, which are made with minimal intervention and often highlight unique flavors.

3. **International Wines**: While the focus is primarily on French wines, some lists may also feature a selection of well-regarded wines from other countries, such as Italian, Spanish, and New World wines.

4. **House Wines**: Many bistros and brasseries offer house wines (vin de maison) that are often well-priced and sourced from local producers.

5. **Tasting Menu Options**: Some wine lists offer pairing options with tasting menus, allowing you to sample a range of wines that complement the dishes being served.

6. **By the Glass Selections**: A good variety of wines by the glass is common, giving you the opportunity to try different options without committing to a full bottle.

7. **Vintages and Producer Information**: Expect detailed descriptions that include vintage information, the producer, and tasting notes to help you make an informed choice.

Whether dining at a Michelin-starred restaurant, a trendy wine bar, or a cozy bistro, you can look forward to exploring the diverse and rich world of French wines in Paris.",0.5
What performance is expected of a student in school sessions?,"Expected performance for students in school sessions can vary depending on factors like age, educational level, curriculum, and individual capabilities. However, some general expectations include:

1. **Academic Achievement**: Students are typically expected to understand and demonstrate mastery of the subjects being taught, such as math, science, language arts, and social studies. This can be measured through grades, tests, and assignments.

2. **Participation**: Active engagement in class discussions, group activities, and collaborative projects is often expected. This includes asking questions, contributing ideas, and being willing to participate in various classroom dynamics.

3. **Attendance and Punctuality**: Regular attendance and being on time for classes are crucial for students to keep up with the curriculum and show responsibility.

4. **Homework Completion**: Students are generally expected to complete homework assignments on time and to a satisfactory standard, reflecting their understanding of the material.

5. **Behavior and Conduct**: Adhering to school rules, showing respect to teachers and peers, and demonstrating good behavior in and out of the classroom are typically expected.

6. **Critical Thinking and Problem Solving**: Students are encouraged to develop critical thinking skills, approaching problems analytically and creatively.

7. **Social Skills**: Building interpersonal skills, managing conflicts, and collaborating with peers are important aspects of a student's performance, especially in group settings.

8. **Growth Mindset**: Being open to feedback, willing to learn from mistakes, and striving for continuous improvement are often encouraged traits.

9. **Extracurricular Involvement**: While not mandatory, participation in extracurricular activities—like sports, clubs, or volunteer work—can enhance a student's experience and is often encouraged.

10. **Goal Setting**: Students are typically expected to set academic and personal goals, reflecting their aspirations and motivations for their educational journey.

These expectations contribute to a well-rounded educational experience and help students develop the necessary skills for future success.",0.5
"The man was crass and rude, all the what in the office filed a complaint together?","It seems like you're trying to describe a situation where employees in an office filed a complaint about someone's behavior. You might be looking for a word to fill in the blank where you said ""what."" A suitable word could be ""employees,"" ""staff,"" or ""coworkers,"" depending on the context. Here's how you could phrase it:

""The man was crass and rude, and all the employees in the office filed a complaint together.""

Feel free to specify if you're looking for something different!",0.5
If a human is sleepy what can they do to feel more alert?,"If a person feels sleepy and wants to feel more alert, there are several strategies they can try:

1. **Get Moving**: Light exercise, like stretching or a quick walk, can help stimulate circulation and boost energy levels.

2. **Stay Hydrated**: Drinking water can help combat fatigue, as dehydration can lead to feelings of tiredness.

3. **Take Deep Breaths**: Engaging in deep breathing exercises can increase oxygen levels in the brain and enhance alertness.

4. **Consume Caffeine**: A moderate amount of caffeine from coffee, tea, or energy drinks can enhance alertness, but it’s important not to overdo it.

5. **Eat a Snack**: A small, healthy snack that includes protein and complex carbohydrates (like nuts or yogurt) can provide an energy boost.

6. **Adjust the Environment**: Brightening the room or increasing exposure to natural light can help wake up the body.

7. **Listen to Music**: Uplifting or faster-paced music can stimulate the brain and improve mood and alertness.

8. **Take a Power Nap**: A short nap of 10-20 minutes can rejuvenate energy without leading to sleep inertia.

9. **Engage in Conversation**: Talking to someone or engaging in an interesting activity can help stimulate the mind.

10. **Practice Mindfulness or Meditation**: Short mindfulness exercises can help clear the mind and refocus attention.

11. **Avoid Heavy Meals**: Large or heavy meals can increase feelings of drowsiness, so it's better to eat lighter.

Trying a combination of these techniques can often be the most effective way to shake off sleepiness and increase alertness.",0.5
"When a person is convicted of committing murder, what happend to them?","When a person is convicted of murder, several outcomes can occur depending on the legal context of the jurisdiction, the specific circumstances of the case, and the type of murder charge. Here are some general steps and potential consequences:

1. **Sentencing**: After a conviction, the individual will undergo a sentencing phase where the judge determines the appropriate punishment. This could involve:
   - **Prison Sentences**: The length varies widely based on factors such as the degree of murder (first-degree, second-degree, felony murder, etc.) and any mitigating or aggravating circumstances. Sentences can range from several years to life imprisonment.
   - **Capital Punishment**: In jurisdictions that allow the death penalty, a person convicted of certain types of murder may receive a death sentence, although this is subject to appeals and legal reviews.

2. **Appeals**: After conviction, the defendant typically has the right to appeal the verdict or sentence. This process can be lengthy and may involve various legal arguments regarding the trial's conduct, evidence admissibility, or the fairness of the trial.

3. **Restitution and Fines**: In some cases, the court may impose fines or order the convicted individual to pay restitution to the victim's family.

4. **Probation**: In rare cases, if a lesser charge is involved or a plea is negotiated, a convicted person may receive probation instead of prison time. However, this is less common for serious offenses like murder.

5. **Parole**: If sentenced to prison, the individual may be eligible for parole after serving a certain portion of their sentence, depending on state laws and the specifics of their case.

6. **Civil Consequences**: In addition to criminal penalties, a convicted murderer may face civil lawsuits from the victim's family seeking damages for wrongful death.

These steps can vary significantly based on the legal system of the area where the crime occurred, and individual cases may have unique processes and outcomes.",0.5
What is the hope of going fishing?,"The hope of going fishing can encompass various aspects, including:

1. **Connection with Nature**: Many people find solace and joy in being outdoors, enjoying the beauty and serenity of lakes, rivers, or oceans.

2. **Relaxation and Stress Relief**: Fishing can be a meditative activity, offering a break from the hustle and bustle of daily life and a chance to unwind.

3. **Bonding Experience**: Fishing trips often serve as a way for friends and family to connect, share stories, and create lasting memories together.

4. **Excitement of the Catch**: The thrill of reeling in a fish, especially a larger or sought-after species, can bring a sense of accomplishment and joy.

5. **Self-Sufficiency and Sustainability**: For some, fishing provides a chance to catch their own food, promoting self-reliance and a sustainable lifestyle.

6. **Skill Development**: Fishing requires various skills, from casting techniques to bait selection, offering the opportunity for learning and improvement.

7. **Escape from Technology**: Spending time fishing often means disconnecting from screens and digital distractions, fostering mindfulness and presence in the moment.

Overall, the hope of fishing often lies in the combination of adventure, tranquility, companionship, and the potential for success—making it a beloved activity for many.",0.5
What does reading letters produce when one is unaware of a condition?,"When someone reads letters (or words) without being aware of a particular condition, it can produce various cognitive and psychological effects, depending on the context and the nature of the condition. Here are a few possibilities:

1. **Cognitive Dissonance**: If the content of the letters conflicts with the reader's existing beliefs or knowledge, it may cause discomfort or confusion.

2. **Misinterpretation**: The reader may misinterpret the meaning of the letters or words if they are unaware of specific context or conditions related to the content.

3. **Emotional Response**: Letters can evoke strong emotions based on their content, and if someone is unaware of certain underlying conditions (like a personal connection to the topic), they might react in unexpected ways.

4. **Learning and Memory**: If the letters contain new information, the reader might learn and retain this information, potentially leading to a change in their understanding or beliefs.

5. **Unconscious Bias**: The reader may unknowingly apply their own biases or assumptions to what they are reading, which can color their understanding and response.

6. **Attention and Focus**: The reader's engagement and focus on the text may vary. If they aren't aware of certain conditions that affect their cognitive load, they might either miss key points or overemphasize irrelevant details.

If you have a particular context or condition in mind, please share, and I can provide a more tailored response!",0.5
Everyone is ordinary but we are often told we are what?,"Everyone is ordinary, but we are often told we are extraordinary. This idea suggests that each person has unique qualities and potential that set them apart, even amidst the commonality of human experience. It emphasizes the value of individuality and the extraordinary aspects that can be found within everyone's life and experiences.",0.5
"If there are people watching a priest, what is he doing?","If people are watching a priest, he could be engaged in a variety of activities, depending on the context. Common scenarios might include:

1. **Conducting a Service**: The priest may be leading a worship service, delivering a sermon, or performing prayers or rituals.

2. **Performing a Sacrament**: He could be administering a sacrament, such as baptisms, weddings, or communion.

3. **Giving a Blessing**: The priest might be offering blessings to congregants or the community.

4. **Leading a Teaching or Seminar**: He could be holding a class or discussion on religious teachings or scripture.

5. **Participating in a Community Event**: The priest might be involved in a community service or outreach program, engaging with attendees.

6. **Counseling or Confession**: He may be providing personal counseling or hearing confessions.

The specific activity would depend on the time, place, and setting of the observation.",0.5
What old models are likely to be made of wood?,"There are several historical and classic models that are likely to be made of wood. Some examples include:

1. **Model Ships**: Many traditional model shipbuilders used wood for crafting detailed replicas of ships, including sailing vessels and naval ships.

2. **Aircraft Models**: Early aircraft models, particularly those created in the early to mid-20th century, were often made from wood, such as balsa wood or plywood.

3. **Trains and Railroads**: Wooden models of trains, including toy trains and detailed scale models, have a long history in model railroading.

4. **Cars and Other Vehicles**: Classic wooden toy cars or models of vintage vehicles can be found, often handcrafted from wood.

5. **Architecture Models**: Architectural models created in the past frequently utilized wood for representing building structures, especially before the advent of modern materials.

6. **Vintage Dolls and Toys**: Many traditional dolls and toys from past eras were made primarily of wood, including wooden dolls and other playthings.

7. **Musical Instruments**: Many old models of instruments, such as violins, cellos, and pianos, often feature significant wooden construction.

8. **Furniture Miniatures**: Miniature furniture models, often used in dollhouses, were traditionally crafted from wood.

These models often reflect craftsmanship and artistry from their respective time periods and can vary from simple to highly intricate designs.",0.5
"If an apple tree were in the North, where would it be?","If you're asking about an apple tree in the northern part of the world, it could be located in various regions where apple trees grow well, such as parts of the northern United States, Canada, or even in parts of Europe like northern France or the UK. Apple trees thrive in temperate climates, so they are commonly found in areas with cold winters and moderate summers. Specific locations would include states like Michigan, New York, and Washington in the U.S., or regions in Canada like Ontario and British Columbia. If you meant something else by ""the North,"" please clarify!",0.5
"The bald eagle has been a protected species, this is in part due to a dwindling what?","The bald eagle has been a protected species primarily due to a dwindling population, which was significantly affected by factors such as habitat loss, environmental pollution, and the use of pesticides like DDT. These factors contributed to drastic declines in their numbers, leading to legal protections to help with their recovery.",0.5
What could you add a line to?,"I can help you add a line to various types of content, such as:

1. **Poems** - Expanding on themes, imagery, or emotions.
2. **Songs** - Adding lyrics that complement the existing melody.
3. **Stories** - Enhancing character development or plot progression.
4. **Jokes** - Providing a punchline or a setup.
5. **Emails** - Adding a closing remark or a follow-up question.
6. **Scripts** - Introducing dialogue or action that fits the scene.

Let me know what you're working on, and I'll be happy to assist!",0.5
Going in an air conditioned room to cool off is a good way to get what from hot weather?,"Going into an air-conditioned room to cool off is a good way to get relief from the heat. It helps regulate your body temperature, reduces the risk of heat-related illnesses, and provides a comfortable environment to recover from the effects of hot weather.",0.5
Where might a snake drop from?,"Snakes can drop from various places, often depending on their habitat and behavior. Here are some common scenarios:

1. **Trees or Shrubs**: Many snakes, like tree snakes or green tree pythons, are arboreal and may drop from branches while moving or when startled.

2. **Rocks or Cliffs**: Snakes that live in rocky areas may fall from ledges or cliffs.

3. **Buildings**: In urban areas, snakes can drop from the sides of buildings, balconies, or roofs, especially during their search for food or shelter.

4. **Fences or Walls**: Snakes can climb and may fall from fences or walls, particularly if they are trying to access another area.

5. **Vehicles**: Occasionally, snakes may drop from cars or trucks if they are hidden in the undercarriage or engine area.

6. **Pipes or Drains**: Some snakes can navigate through plumbing and may drop from drains or other openings.

It's important to be cautious in areas known for snake activity, as unexpected encounters can happen!",0.5
"Sam treasured his freedom.  When he became a POW, he tried to escape from what?",Sam tried to escape from captivity in a prisoner of war camp. His desire for freedom drove him to seek ways to break free from the restraint and confinement imposed upon him as a POW.,0.5
"Though nearby, an apple from an apple tree where would be an imported product to the USA?","An apple from an apple tree located in a foreign country would be considered an imported product when brought into the USA. Even if the apple is geographically close to the USA, it is classified as imported if it originates from outside the country's borders. This applies to any fruit or product that is grown in another country and then transported into the United States for sale.",0.5
"If a cottage is above the cloud line, where is it?","A cottage above the cloud line would typically be located at a high elevation, often in mountainous regions. The ""cloud line"" refers to the altitude at which clouds form, which can vary depending on geographic location, weather conditions, and time of year. Generally, this line is around 6,000 to 10,000 feet (1,800 to 3,000 meters) in many places, but it can be higher in tropical regions and lower in polar areas. Therefore, a cottage above the cloud line would be situated in high-altitude areas, providing stunning views and a unique experience above the clouds.",0.5
What do most people hope to achieve when playing sports?,"When people play sports, they often hope to achieve a variety of goals, including:

1. **Physical Fitness**: Many individuals aim to improve their overall health, build strength, increase endurance, and enhance flexibility through regular physical activity.

2. **Skill Development**: Players often seek to develop and refine their technical skills and abilities in a specific sport, whether it’s shooting a basketball, kicking a soccer ball, or swimming.

3. **Competition**: For many, the thrill of competition is a key motivation. They want to test their skills against others, strive for victory, and experience the excitement of competing at different levels, from local matches to professional leagues.

4. **Social Connections**: Sports provide opportunities for social interaction and teamwork. Many people play for the camaraderie, friendships, and community connections that come from being part of a team or sports club.

5. **Mental Well-being**: Engaging in sports can enhance mental health by reducing stress, anxiety, and depression. Many individuals find that playing sports improves their mood and mental clarity.

6. **Discipline and Personal Growth**: Sports often teach valuable life skills, such as discipline, resilience, teamwork, and leadership. Many players hope to grow personally through the challenges and experiences that sports provide.

7. **Fun and Enjoyment**: Above all, many people participate in sports simply for the joy of playing, having fun, and enjoying the activity, whether competitively or recreationally.

8. **Achievement and Recognition**: Athletes often aspire to achieve personal records, win championships, or gain recognition for their skills and accomplishments in their respective sports.

Overall, motivations can vary greatly depending on the individual, their background, and their personal goals.",0.5
When you haven't seen someone since they were young and years have passed what has happened to them?,"When you haven't seen someone since they were young and years have passed, several changes could have occurred in their life. Physically, they have likely matured and may look quite different as they transition from childhood to adulthood, potentially gaining new features or changes in style. 

Emotionally and psychologically, they may have developed new interests, beliefs, and perspectives, influenced by their experiences such as education, friendships, and challenges they faced. Socially, they may have formed new relationships, built careers, or started families. 

In terms of personal development, they might have acquired new skills, traveled, or pursued hobbies that enrich their identity. Overall, the years apart could have led them to become a person with a unique story shaped by their experiences since you last met.",0.5
"The man wanted a new ottoman, so where did he look?","The man likely looked at furniture stores, online retailers, or home decor shops to find a new ottoman. He may have also considered visiting thrift stores or searching in local classifieds.",0.5
Where are there more telephone booths?,"Telephone booths are increasingly rare in many parts of the world due to the widespread use of mobile phones. However, they can still be found in urban areas, particularly in cities in countries like the UK, Japan, and some parts of the United States. 

The UK is known for its iconic red telephone boxes, which can still be seen in many towns and cities, although their numbers have significantly decreased over the years. In Japan, some cities maintain traditional phone booths, often with modern features like internet access. 

In contrast, in many American cities, telephone booths are nearly obsolete, though you might still find a few in certain places. Overall, dense urban environments in countries with a historical presence of public telephony tend to have more telephone booths compared to rural areas or places where mobile phone usage has fully replaced them.",0.5
Where does a car belong?,"A car typically belongs in several places depending on the context:

1. **Home Garage or Driveway**: Many people store their cars in a garage or in their driveway when not in use for safety and convenience.

2. **Parking Lots or Garages**: When shopping or visiting a location, cars are parked in designated parking lots or garages.

3. **On the Road**: Cars are driven on roads, highways, and streets where they are intended to be used for transportation.

4. **Repair Shop**: If the car needs maintenance or repairs, it may belong in an auto repair shop or service center.

5. **Car Dealership**: When a car is being sold or bought, it may belong at a dealership.

Ultimately, the ""home"" of a car can vary based on its use, ownership, and circumstances.",0.5
Where do most birds put eggs?,"Most birds lay their eggs in nests, which can be found in a variety of locations depending on the species. Common nesting sites include:

1. **Trees and shrubs**: Many birds build their nests in the branches of trees or thick bushes, providing protection from predators.
  
2. **Ground**: Some ground-nesting birds, such as plovers and quails, lay their eggs directly on the ground, often in concealed locations to evade threats.

3. **Cliffs and ledges**: Birds like seabirds and peregrine falcons often nest on high cliffs or rocky ledges, taking advantage of the height for safety.

4. **Buildings and human structures**: Urban-dwelling birds such as pigeons and swallows may use eaves, rafters, or other locations on buildings to build their nests.

5. **Burrows**: Some species, such as puffins and burrowing owls, create nests in burrows dug into the ground.

6. **Water surfaces**: Certain waterfowl, like ducks and geese, may nest on floating vegetation or in dense reeds near water.

The choice of nesting site is influenced by factors such as the availability of materials, shelter from predators, and environmental conditions.",0.5
"Playing tennis requires at least one opponent, a ball, and a what?",A tennis racket.,0.5
What would you be doing if you are having lunch?,"If I were having lunch, I would likely be enjoying a meal, perhaps savoring the flavors, chatting with friends or colleagues, or taking a moment to relax and recharge. Lunch can be a great time for social interaction or a peaceful break in the day. How about you? What do you like to do during lunch?",0.5
A hinged door is not always found in which room of the house?,"A hinged door is typically not found in a garage. Many garages use roll-up doors, sliding doors, or open into the driveway, rather than traditional hinged doors.",0.5
Why could someone fall down after eating lunch?,"There are several reasons someone might fall down or feel faint after eating lunch, including:

1. **Postprandial Hypotension**: After eating, blood flow is redirected to the digestive system, which can lead to a drop in blood pressure, causing dizziness or fainting.

2. **Hypoglycemia**: If a meal is low in carbohydrates or if someone has not eaten for a while, their blood sugar levels may drop, leading to weakness or fainting.

3. **Overeating**: Consuming a large meal can divert more blood to the stomach and intestines, causing fatigue and dizziness.

4. **Dehydration**: Not drinking enough fluids can lead to dehydration, which may cause dizziness or fainting after eating.

5. **Food Sensitivities or Allergies**: In some cases, a specific food could trigger an allergic reaction or gastrointestinal issues, leading to weakness or fainting.

6. **Medical Conditions**: Conditions such as diabetes, anemia, heart issues, or gastrointestinal disorders can also contribute to feelings of dizziness or fainting after meals.

7. **Vasovagal Response**: Some people may experience a vasovagal syncope, a sudden drop in heart rate and blood pressure, usually in response to certain triggers such as pain or stress, and it can occur after eating.

8. **Sedentary Lifestyle**: If someone is largely inactive and then suddenly tries to engage physically after eating, it can lead to feelings of lightheadedness or faintness.

If someone frequently experiences fainting or significant dizziness after eating, it's important to consult a healthcare professional for appropriate evaluation and guidance.",0.5
What is the opposite of ambiguous?,"The opposite of ambiguous is ""clear"" or ""explicit."" These terms indicate something that is easy to understand and not open to multiple interpretations.",0.5
What do people feel when something good happens?,"When something good happens, people often experience a range of positive emotions and feelings, including:

1. **Joy**: A sense of happiness and delight about the positive event.
2. **Relief**: A release of stress or anxiety, especially if the good event resolves a prior concern or challenge.
3. **Gratitude**: Appreciation for the good fortune, which may involve feeling thankful towards others or life circumstances.
4. **Excitement**: A heightened sense of energy and enthusiasm, especially if the good event is unexpected or particularly significant.
5. **Pride**: A feeling of accomplishment, especially if the good outcome is linked to personal hard work or achievements.
6. **Hope**: A sense of optimism for the future, particularly if the positive event opens up new opportunities.
7. **Contentment**: A feeling of satisfaction and peace, often when something good aligns with personal values or desires.

These feelings can vary from person to person based on individual experiences, personality, and the context of the situation.",0.5
A modern farmer needs many skills common for who in order to manage finances and increase sales?,"A modern farmer needs a variety of skills that are common to entrepreneurs and business managers in order to effectively manage finances and increase sales. Here are some key skills:

1. **Financial Management**: Understanding budgets, cash flow, and financial forecasting is crucial to ensure profitability and sustainability.

2. **Marketing**: Knowledge of marketing strategies, including digital marketing and social media, helps in promoting products and reaching new customers.

3. **Sales Skills**: Ability to negotiate, build relationships, and close deals is essential for increasing direct sales and distribution.

4. **Data Analysis**: Skills in analyzing market trends and consumer behavior can help in making informed decisions regarding product offerings and pricing.

5. **Supply Chain Management**: Understanding logistics and supply chain dynamics is important for optimizing production and distribution processes.

6. **Technology Proficiency**: Familiarity with agricultural technology, software for farm management, and e-commerce platforms can enhance efficiency and sales.

7. **Customer Relationship Management (CRM)**: Skills in managing customer relationships and feedback can lead to better service and repeat business.

8. **Regulatory Knowledge**: Awareness of agricultural regulations, food safety standards, and environmental compliance is crucial to avoid legal issues and ensure market access.

9. **Networking and Collaboration**: Building relationships with other farmers, suppliers, and industry stakeholders can open up new opportunities for collaboration and sales.

10. **Adaptability**: Staying flexible and open to learning new methods, technologies, and practices is important in a rapidly changing agricultural landscape.

Cultivating these skills can help modern farmers thrive in the competitive agricultural market.",0.5
Where in your office would you store a highlight that you don't use often?,"If I had an office, I would likely store a rarely used highlight in a designated storage area, such as a filing cabinet or a storage box on a shelf. This way, it would be out of the way but still accessible when needed. Additionally, organizing it in a way that allows for easy retrieval, perhaps labeling the storage container, would help maintain order while keeping the highlight from cluttering the workspace.",0.5
"She loved the music so much, how did she describe it?","She described the music as a celestial symphony, each note resonating like a heartbeat, weaving emotions through the air. It wrapped around her like a warm embrace, transporting her to a place where worries evaporated and time stood still. The melodies danced through her, evoking vivid memories and stirring a sense of joy that felt almost tangible. It was as if the music spoke directly to her soul, capturing the essence of her deepest feelings.",0.5
Where would you store potato chips in their home?,"Potato chips should be stored in a cool, dry place to maintain their crunch and freshness. The best options include:

1. **Pantry**: Store them in a sealed bag or an airtight container to protect against moisture and air exposure.

2. **Kitchen Cabinet**: A cabinet away from heat sources (like the stove or oven) can also be a good option.

3. **Refrigerator**: If you live in a particularly humid area, you might consider storing them in the fridge, although this can sometimes affect their texture.

Avoid storing potato chips in direct sunlight or near heat sources, as this can make them stale or affect their taste.",0.5
Why do people want to swim in the heat?,"People are drawn to swimming in the heat for several reasons:

1. **Cooling Effect**: Swimming provides a refreshing escape from high temperatures, helping to cool down the body and offering relief from the heat.

2. **Recreation and Relaxation**: Swimming is often associated with leisure and fun. It allows people to unwind, socialize, or engage in recreational activities, making it a popular choice during hot weather.

3. **Exercise**: Swimming is an excellent form of low-impact exercise that works various muscles and offers cardiovascular benefits. Many people swim to stay fit, especially when the weather is warm.

4. **Connection to Nature**: Swimming often takes place in natural bodies of water, such as lakes or the ocean, providing an opportunity to connect with nature and enjoy beautiful surroundings.

5. **Social Interaction**: Going to the pool or beach is often a social activity, fostering connections with family and friends while enjoying the warm weather together.

6. **Mental Health Benefits**: Engaging in water activities can boost mood and reduce stress. The feeling of being in water can be calming, and participating in enjoyable activities in warm weather can enhance overall mental well-being.

7. **Tradition and Culture**: In many cultures, swimming during the warmer months is a traditional activity that families and communities partake in, creating lasting memories and bonds.

Overall, swimming in the heat combines the pleasure of water with opportunities for relaxation, exercise, and socialization, making it a favorite activity for many people during warm weather.",0.5
"A snake is not something you want to come across on a plane, but it's most likely to happen while out in mother what?","A snake is most likely to be encountered while out in mother nature, or more specifically, the wild. This phrase emphasizes that snakes are typically found in natural environments rather than artificial ones like an airplane.",0.5
Where is known for powerful storms from the ocean?,"Regions known for powerful storms from the ocean include:

1. **The Caribbean**: This region frequently experiences hurricanes, particularly during the Atlantic hurricane season from June 1 to November 30.

2. **The Gulf of Mexico**: Similar to the Caribbean, the Gulf of Mexico is prone to tropical storms and hurricanes, impacting the southeastern United States.

3. **The Eastern Seaboard of the United States**: States along the Atlantic coast, from Florida to Maine, are often affected by hurricanes and nor'easters.

4. **The Pacific Coast**: The U.S. West Coast, particularly California, can experience powerful storms, including atmospheric rivers and occasional remnants of hurricanes.

5. **Tropical Regions**: Areas near the equator, such as parts of Southeast Asia and the South Pacific, are also known for powerful storms like typhoons and cyclones.

6. **The Indian Ocean**: This area experiences cyclones, particularly affecting countries like India, Bangladesh, and parts of Southeast Africa.

7. **The South Pacific**: Regions like Fiji and Tonga can experience strong cyclones during their cyclone season.

These areas often deal with the impacts of powerful storms that can bring heavy rain, strong winds, and significant coastal changes.",0.5
Thousands of companies and a rosebush call what place home?,"The phrase ""Thousands of companies and a rosebush call what place home?"" likely refers to ""Silicon Valley."" Silicon Valley is known for being home to numerous tech companies and startups, and the reference to a ""rosebush"" may metaphorically represent the idea of growth and innovation blooming in this area, much like flowers on a rosebush. Additionally, the rose itself is often a symbol of beauty and success, paralleling the thriving ecosystem of businesses in Silicon Valley.",0.5
Where could you see an advertisement while reading news?,"You could see an advertisement while reading news in several places, including:

1. **News Websites**: Ads often appear as banner ads, video ads, or sponsored articles on news websites.
2. **Social Media Platforms**: News articles shared on platforms like Facebook, Twitter, or Instagram may have ads displayed in the feed or sidebar.
3. **Mobile News Apps**: Many news applications incorporate ads that can appear during article loading or in between articles.
4. **Email Newsletters**: Advertisements may be embedded in newsletters that provide news summaries or links to articles.
5. **Streaming Services**: News-related videos on platforms like YouTube may have pre-roll or mid-roll ads.
6. **Podcasts**: News podcasts often include sponsorship messages or advertisements during episodes.
7. **Print News**: Traditional newspapers and magazines include advertisements alongside news articles.

In all these scenarios, the integration of advertisements is common to support media companies and provide funding for the news content.",0.5
Most people won't always say what they mean.   They're twisty like that.  They want to avoid conflict. You have to use your brain if you want to understand.    What do most people due sometimes?,"Most people sometimes engage in indirect communication, using hints or euphemisms instead of stating their thoughts or feelings outright. This can be a way to avoid conflict or protect someone’s feelings. They might also withhold criticism or express agreement when they actually disagree, often to maintain harmony in relationships. This tendency can lead to misunderstandings where active listening and careful interpretation become necessary to grasp their true intentions.",0.5
"The children were going to play, the parents encouraged it hoping it resulted in what?","The parents encouraged the children to play, hoping it would result in social skills development, teamwork, physical fitness, and creativity. Additionally, they likely wanted to foster their children's happiness, build friendships, and allow them to learn important life lessons in a fun and engaging environment.",0.5
If you entire body is experiencing fatigue what would you do at the end of the day?,"If your entire body is experiencing fatigue at the end of the day, here are some steps you might consider to help alleviate that fatigue:

1. **Rest and Relaxation**: Allow yourself some downtime. Find a comfortable spot to sit or lie down.

2. **Gentle Stretching**: Perform some light stretching to help relieve tension in your muscles.

3. **Hydration**: Drink water or herbal tea to stay hydrated, as dehydration can contribute to fatigue.

4. **Nutritious Snack**: Have a healthy snack, such as fruits or nuts, to replenish some energy.

5. **Warm Bath or Shower**: A warm bath or shower can relax your muscles and help you unwind.

6. **Mindfulness or Meditation**: Engage in mindfulness practices or meditation to calm your mind and reduce stress.

7. **Limit Screen Time**: Reduce exposure to screens to help your eyes and mind relax.

8. **Sleep Hygiene**: Prepare for a good night’s sleep by creating a calming bedtime routine, such as reading or listening to soothing music.

9. **Sleep**: Ensure you get enough quality sleep to allow your body to recover.

10. **Reflect**: Consider journaling or simply reflecting on your day, identifying any stressors that may have contributed to your fatigue.

If fatigue persists or worsens, it may be wise to consult a healthcare professional to rule out any underlying health issues.",0.5
"if you cogitate on something for a long time, you can get this feeling?","If you cogitate on something for a long time, you may experience a feeling of contemplation or deep reflection. This can sometimes lead to feelings of anxiety, confusion, or even insights and clarity, depending on the nature of the thought process. If the topic is particularly weighty or troubling, it might also induce feelings of stress or overwhelm. Conversely, if the process leads to understanding or resolution, it can result in feelings of satisfaction or enlightenment.",0.5
"After answering questions from the press for hours, what did the police chief feel?","The police chief likely felt a mix of exhaustion and relief after answering questions from the press for hours. These situations can be stressful, as they involve a high level of scrutiny and pressure to provide accurate information. Additionally, the chief may have felt a sense of responsibility to communicate effectively with the public and the media regarding the situation at hand. There might also be feelings of frustration if the questions were repetitive or if misinformation was prevalent. Ultimately, the chief's emotions would depend on the context of the press conference and the nature of the events being discussed.",0.5
"A lawyer is taking care of proposals, what are they trying to do?","When a lawyer is taking care of proposals, they are typically involved in drafting, reviewing, or negotiating legal documents related to proposals for various purposes. This could include:

1. **Business Proposals**: Assisting clients in drafting proposals for business ventures, partnerships, or contracts to ensure compliance with legal standards and protections.

2. **Real Estate Proposals**: Reviewing or drafting proposals related to real estate transactions, which may include purchases, leases, or development projects.

3. **Grant Proposals**: Helping organizations prepare legally sound proposals for grants, ensuring that all terms and conditions comply with funding requirements.

4. **Litigation Proposals**: Developing proposals in the context of litigation, such as settlement offers or proposals for mediation.

5. **Mergers and Acquisitions**: Drafting and negotiating proposals for mergers or acquisitions, ensuring that all legal implications are adequately addressed.

6. **Regulatory Proposals**: Assisting in creating proposals for regulatory approvals, such as permits or licenses, ensuring adherence to relevant laws and regulations.

In all cases, the lawyer works to protect their client's interests, ensure clarity in terms and conditions, and minimize potential legal risks.",0.5
"When you want to go to bed with a pretty girl and want to get warm, what do you need to do?","When you want to spend an intimate night with someone, it's important to focus on building a genuine connection first. Here are some steps to consider:

1. **Establish Comfort:** Ensure both you and your partner feel comfortable and safe. This includes creating a cozy environment.

2. **Communicate Openly:** Have an open conversation about intentions and feelings. Consent and mutual interest are key.

3. **Set the Mood:** Use soft lighting, play some calming music, or include elements that contribute to a warm atmosphere.

4. **Be Affectionate:** Physical closeness can come from cuddling, holding hands, or gentle touches. Pay attention to her comfort level and respond accordingly.

5. **Stay Warm:** If you're in a cold environment, blankets or a heated room can help create a warm and inviting atmosphere.

6. **Respect Boundaries:** Always be mindful of your partner's boundaries and ensure that both of you are on the same page throughout the experience.

Building trust and rapport will create a more enjoyable and intimate experience for both of you.",0.5
"It is a teachers job to help students commit to memory new skills, what is the teachers main job in the classroom to help students do?","The main job of a teacher in the classroom is to facilitate learning. This involves various key responsibilities, including:

1. **Instruction**: Providing clear, engaging, and informative lessons that help students understand new concepts and skills.

2. **Support and Guidance**: Offering assistance and encouragement to help students overcome challenges and build confidence in their abilities.

3. **Assessment**: Evaluating student understanding and progress through various assessments, offering feedback and adjusting instruction as necessary.

4. **Creating a positive learning environment**: Building a classroom atmosphere that is safe, inclusive, and conducive to learning, where students feel valued and motivated.

5. **Encouraging critical thinking**: Helping students develop analytical skills and the ability to think independently.

6. **Differentiation**: Tailoring instruction to meet the diverse needs and learning styles of all students.

7. **Promoting retention**: Using strategies to help students remember and apply what they learn, ensuring that knowledge is transferred into long-term memory.

In summary, a teacher's main job is to create an effective learning experience that empowers students to acquire, retain, and apply knowledge and skills.",0.5
Where is aberdeen in the US located?,"Aberdeen is a name shared by several locations in the United States. The most notable are:

1. **Aberdeen, South Dakota**: A city in Brown County, known as a regional hub for commerce and agriculture.
2. **Aberdeen, Washington**: A city located on the Pacific Coast, known for its logging and timber industries and as the hometown of musician Kurt Cobain.
3. **Aberdeen Proving Ground**: A U.S. Army post located in Maryland, primarily involved in testing and evaluating military equipment.

If you meant a specific Aberdeen, please provide more context!",0.5
Where do students stick gum in school?,"Students often stick gum in various discreet places in school, despite the typical rules against chewing gum. Common spots include:

1. **Under desks or tables** - This is one of the most frequently used locations.
2. **On the underside of chairs** - Similar to desks, it provides concealment.
3. **In textbooks or notebooks** - Some may stick it between the pages or covers.
4. **Inside lockers** - A less visible option for those wanting to save gum for later.
5. **Bathroom stalls** - Some may use this area for quick disposal or hiding.
6. **Walls in less monitored areas** - Occasionally, students might stick gum on walls, especially in hallways or behind doors.

While these spots might seem convenient, it's generally discouraged as it can create messes and is against many school policies.",0.5
What is a method expressing yourself while making an object of lasting beauty?,"One effective method for expressing yourself while creating a lasting object of beauty is through the practice of **craftsmanship combined with personal storytelling**. Here’s how you can implement this technique:

1. **Choose Your Medium**: Select a material that resonates with you—wood, clay, metal, fabric, or glass are all great options. Each medium has its own unique properties and can evoke different feelings.

2. **Design with Intention**: Before you begin creating, take time to sketch your ideas and think about what you want the piece to express. Consider the emotions, memories, or concepts you want to convey. This might involve researching symbols or themes that have personal significance to you.

3. **Incorporate Personal Elements**: Infuse your object with personal stories or elements from your life. This could be through colors that evoke a particular memory, forms that represent significant places, or intricate patterns that reflect your heritage or identity.

4. **Focus on Technique**: Invest time in honing your skills in your chosen medium. The beauty of craftsmanship lies in the details and the level of skill you bring to your work. Take classes, watch tutorials, or practice diligently.

5. **Embrace Imperfection**: Allow your personality to shine through any imperfections in your work. Sometimes, the most beautiful objects carry signs of their creation process, adding character and uniqueness.

6. **Reflect and Revise**: After completing the piece, take a moment to reflect on what you have created. Consider whether it truly represents your intent and emotion. Don’t be afraid to modify or add to it based on your reflections.

7. **Share Your Story**: Once the object is complete, share its story with others. Whether it’s through a written piece, a verbal explanation, or even a short video, expressing the meaning behind your work can deepen its beauty and significance.

By combining personal expression with technical skill, you create not just an object, but a piece that resonates with meaning and beauty—a lasting testament to your thoughts and feelings.",0.5
James was dedicated to contemplating things.  What did he seek?,"James sought a deeper understanding of the nature of existence, the human experience, and perhaps the fundamental truths that govern both. His contemplation could involve exploring philosophical questions, examining moral dilemmas, or reflecting on personal growth and purpose. He might be driven by a desire for clarity in his beliefs, a quest for inner peace, or an aspiration to connect more profoundly with the world and those around him. Ultimately, through his dedication to contemplation, James likely sought wisdom and insight that could guide his actions and decisions in life.",0.5
Where could I buy some chocolate?,"You can buy chocolate from a variety of places, including:

1. **Grocery Stores**: Supermarkets like Walmart, Kroger, and Safeway typically have a wide selection of chocolate brands and varieties.

2. **Convenience Stores**: Stores like 7-Eleven or local convenience shops often carry popular chocolate bars and snacks.

3. **Specialty Chocolate Shops**: Local chocolatiers or specialty candy shops will have more artisanal options and unique flavors.

4. **Online Retailers**: Websites like Amazon, Target, and specialty chocolate retailers offer a vast selection of chocolates that can be delivered to your doorstep.

5. **Farmers Markets**: Local markets often feature vendors selling handmade chocolates and confections.

6. **Bulk Stores**: Places like Sam's Club or Costco sell large quantities of chocolate at a discount.

Make sure to check the store's hours and availability before heading out!",0.5
"The police saw the moving car, what did they know the suspect was doing?","If the police saw a moving car, they likely inferred that the suspect was either fleeing the scene of a crime, trying to evade capture, or possibly engaging in suspicious behavior. The context of the situation—such as the time of day, location, and the nature of previous incidents—would also play a significant role in their assessment of what the suspect might be doing.",0.5
Where are you normally when you take a bath?,"I don't take baths, but people typically take them in a bathroom at home. It’s a place designed for privacy and relaxation, often equipped with a bathtub or shower. Would you like to know more about bathing practices or bathroom design?",0.5
where can someone get a new chess set?,"There are many places where you can purchase a new chess set, both online and in physical stores:

### Online Retailers:
1. **Amazon** - A wide range of chess sets, from beginner to high-quality options.
2. **eBay** - New and used chess sets available from various sellers.
3. **Etsy** - Handmade and unique chess sets.
4. **Chess.com** - Sells a variety of chess sets, pieces, and boards.
5. **The House of Staunton** - Specializes in high-quality chess sets and accessories.

### Local Stores:
1. **Toy Stores** - Many toy stores carry chess sets, especially those that specialize in board games.
2. **Game Stores** - Local game shops often have a selection of board games, including chess sets.
3. **Department Stores** - Stores like Target or Walmart may have chess sets in their toys or games section.
4. **Bookstores** - Some bookstores carry chess sets, especially if they have a section for games.

### Specialty Stores:
1. **Chess Specialty Shops** - Stores dedicated to chess often have a vast selection of sets and boards.
2. **Craft Fairs and Markets** - Local artisans may sell unique, handcrafted chess sets at art fairs or farmers' markets.

### Second-Hand Options:
1. **Thrift Stores** - Good for finding used chess sets at a low price.
2. **Garage Sales or Estate Sales** - You may come across chess sets being sold.

Before purchasing, consider the type of chess set you want, such as wooden, plastic, themed, or luxury sets, based on your preferences and budget.",0.5
"When he was a small child he called the giraffe mascot a cow, it was a fond memory of the now defunct what?","The fond memory of calling the giraffe mascot a cow likely refers to a childhood experience at a defunct restaurant chain called **""Giraffas""**, or it could be associated with a specific event at a place like a zoo, theme park, or a children's restaurant like **""Chuck E. Cheese""** or **""ShowBiz Pizza""** which featured various animal mascots. However, without more context, it’s difficult to pinpoint the exact defunct location you are referring to. If you have more details, I’d be happy to help further!",0.5
Where do lizards like to sun themselves?,"Lizards often sun themselves in various locations that provide warmth and exposure to sunlight. Common places where they like to bask include:

1. **Rocks and Boulders**: Many lizards prefer flat, warm surfaces like rocks where they can absorb heat.

2. **Tree Branches**: Lizards may perch on branches, especially in sunny areas, to soak up the sun while staying hidden from predators.

3. **Ground**: Some species bask on open soil or sandy areas, where they can find warmth without obstruction.

4. **Walls and Patios**: Urban lizards often take advantage of sun-soaked walls, driveways, or outdoor seating areas.

5. **Logs and Stumps**: Fallen logs or stumps in forests and natural areas provide a good spot for basking.

6. **Substrate**: Sandy or gravelly areas also offer warmth and can be a favored spot for sunbathing.

Overall, lizards seek out places that maximize their exposure to sunlight while allowing for safety from predators.",0.5
Which state are you in if you're at a tennis court in a mitten-shaped state?,"If you're at a tennis court in a mitten-shaped state, you are in Michigan. The state's shape resembles a mitten, and it is known for its many lakes and sports, including tennis.",0.5
Where are you if your reading magazines while waiting for a vehicle on rails?,"If you're reading magazines while waiting for a vehicle on rails, you are likely at a train station. These locations typically have seating areas where passengers can wait for trains and often provide magazines or newspapers for entertainment.",0.5
Where might a bureau be in charge?,"The term ""bureau"" can refer to various types of organizations or divisions within a larger entity, and they can be in charge of different areas depending on their specific focus. Here are a few contexts in which a bureau might be in charge:

1. **Government Agencies**: Bureaus often exist within government structures at local, state, or federal levels. For example:
   - The Federal Bureau of Investigation (FBI) in the United States is responsible for domestic security and federal law enforcement.
   - Local city planning bureaus manage urban development and zoning regulations.

2. **International Organizations**: Bureaus may also be found in international agencies that handle various responsibilities:
   - Within the United Nations, different bureaus may handle specific issues like humanitarian aid or international law.

3. **Corporate Entities**: Some large companies might have internal bureaus focused on specific functions, such as marketing, compliance, or human resources.

4. **Non-Governmental Organizations (NGOs)**: NGOs may have bureaus that focus on particular areas such as health, education, or environmental issues.

5. **Educational Institutions**: Universities or schools may have specific administrative bureaus overseeing student affairs, admissions, or academic programs.

6. **Cultural Institutions**: Museums or cultural organizations may set up bureaus to manage outreach programs, special exhibitions, or educational initiatives.

In these contexts, the bureau is typically in charge of specific tasks, regulations, or oversight in their designated area of responsibility.",0.5
What kind of leave did the manager assign all nonessential personnel?,"The manager likely assigned nonessential personnel a type of leave known as ""furlough"" or ""administrative leave."" This kind of leave is typically used during times when specific personnel are temporarily relieved of their duties because their roles are not critical to ongoing operations. Furloughs can occur during budget cuts, emergencies, or organizational changes. However, the specific type of leave can vary based on the organization's policies and the situation at hand. If you have a specific context or scenario in mind, please provide more details for a more accurate answer.",0.5
When you meet interesting people your contacts list is likely to do what?,"When you meet interesting people, your contacts list is likely to grow. You'll probably add their information, such as names, phone numbers, email addresses, or social media profiles, to keep in touch and possibly nurture those connections for personal or professional growth. Additionally, interacting with these individuals may lead to introductions to more interesting or influential people, further expanding your network.",0.5
What place could have one back garden?,"A back garden could be found in various types of places, including:

1. **Residential Homes**: Single-family houses often have back gardens for family use, gardening, or recreation.
   
2. **Townhouses**: These multi-floor homes usually have a small back garden accessible from the house.

3. **Condos or Apartments**: Some condos come with private or shared back garden spaces, providing residents with outdoor access.

4. **Cottages or Cabins**: These often have back gardens for herbs, flowers, or relaxation in a natural setting.

5. **Schools or Daycares**: Some educational facilities have back gardens for outdoor learning experiences or play areas.

6. **Community Centers**: Certain community centers may incorporate back gardens for events, gatherings, or gardening programs.

7. **Small Businesses**: Cafes and restaurants might have outdoor back garden spaces for patrons to enjoy their meals in a garden setting.

In essence, any place designed for human habitation or community activities could potentially have a back garden.",0.5
Where does a cast act?,"A cast typically acts in various settings, depending on the context of the performance. Here are some common venues where a cast might perform:

1. **Theater**: This is the most traditional setting, where casts perform live plays, musicals, or other stage productions.

2. **Film**: A cast acts in movies, where they perform scenes that are recorded and later edited for release.

3. **Television**: Casts perform in TV shows, which can be scripted series, sitcoms, or dramas, and may vary from live audiences to pre-recorded formats.

4. **Radio**: While less common today, casts can also be involved in radio plays or audio dramas, where they perform through voice acting.

5. **Online Platforms**: With the rise of streaming services and social media, casts can perform in web series, live-streamed shows, or short videos on platforms like YouTube or TikTok.

6. **Rehearsals**: Casts frequently practice in rehearsal spaces or studios to prepare for their performances.

7. **Workshops**: Casts might perform in workshops to develop new works or to rehearse before a formal production.

Each of these settings can vary significantly in terms of audience interaction, production scale, and the nature of the performance itself.",0.5
"Bill wants to make a fortune while sailing in the Caribbean, what should he look for?","To make a fortune while sailing in the Caribbean, Bill should consider the following opportunities and strategies:

1. **Charter a Yacht**: Bill could invest in a yacht and offer charter services for tourists. The Caribbean is a popular sailing destination, and tourists are often willing to pay for an authentic sailing experience.

2. **Fishing Tours**: If Bill enjoys fishing, he could offer guided fishing tours. The Caribbean is known for its rich marine life, and sport fishing can be lucrative.

3. **Snorkeling and Diving Trips**: Bill could organize snorkeling or scuba diving excursions to explore the beautiful underwater ecosystems. Partnering with local dive shops could be a good strategy.

4. **Sailing Lessons**: Bill could become a certified sailing instructor and offer lessons or courses for beginners. This could also include organizing sailing camps for kids and adults.

5. **Eco-Tourism**: With increasing interest in sustainable travel, Bill could develop eco-tours focused on environmental education, wildlife watching, or beach clean-up events.

6. **Catering to the Luxury Market**: High-end yacht chartering with luxury amenities could attract affluent tourists. Offering personalized services and exclusive experiences can set Bill apart.

7. **Selling Unique Souvenirs**: Bill could create handmade items or locally sourced goods, which he could sell to tourists at popular destinations.

8. **Invest in Local Businesses**: Purchasing a stake in local businesses such as restaurants, hotels, or tourism companies can yield returns as tourism continues to grow.

9. **Blogging or Vlogging**: Documenting his sailing experiences through a blog or YouTube channel can attract sponsorships, affiliate marketing opportunities, or ad revenue.

10. **Real Estate**: If feasible, Bill could explore purchasing property in sought-after localities for rental income, especially in tourist-heavy areas.

11. **Networking with Local Communities**: Building relationships with local fishermen, artisans, and tour operators can lead to potential collaborations and business opportunities.

12. **Participating in Regattas**: Entering sailing competitions can provide prize money and increase visibility if he gains recognition in the sailing community.

Before embarking on any venture, Bill should also conduct thorough research to understand local regulations, market demands, and potential challenges, as well as consider the environmental impact of his activities.",0.5
If you have plenty to eat when you have lunch you'll do what?,"If you have plenty to eat for lunch, you'll likely feel satisfied and energized. You may be able to focus better on your tasks afterward, enjoy a positive mood, and possibly even feel a sense of contentment. Additionally, if you have leftovers, you might look forward to enjoying them later!",0.5
James was an American horse. He thought his home was too hot.  Where might he have lived?,"James, the American horse, might have lived in a place with a warm climate, such as the southern United States. States like Texas, Florida, or Arizona are known for their hot weather. Alternatively, he could have lived in regions that experienced very warm summers, such as Southern California or parts of the Southeast.",0.5
"The person was glad that his father had helped him.   If his father wasn't there, he'd have been what?","If his father hadn't been there, he'd have been alone or struggling to manage the situation on his own.",0.5
What does the D in DRC stand for?,"The ""D"" in DRC stands for ""Democratic."" Thus, DRC stands for the Democratic Republic of the Congo.",0.5
After a long day of teaching and an afternoon of grading homework the teacher was hungry so she began to what?,"she began to prepare a quick and delicious meal for herself. She opened the fridge and rummaged through the ingredients, contemplating whether to whip up a comforting pasta dish or a hearty salad. The aroma of her favorite spices filled the kitchen as she cooked, and soon enough, she had a steaming plate in front of her, ready to enjoy a well-deserved dinner after a long day. As she sat down to eat, she reflected on her students' progress and felt a sense of fulfillment.",0.5
"James spent his days at his cottage trying to capture the beauty of the landscape, but he wasn't good at it. He was never good at it.  What isn't he good at?","James isn't good at capturing the beauty of the landscape, whether it be through painting, photography, or any other artistic medium he might be using. Despite his efforts, he struggles to effectively convey what he sees and feels in his surroundings.",0.5
Where is a good place for a safabed to be so it can also be used for seating?,"A good place for a sofa bed that can also be used for seating depends on various factors such as the layout of your room, the intended use, and personal style. Here are some suggestions:

1. **Living Room:** Position the sofa bed against a wall or in a corner to maximize space, allowing it to function as both a comfortable seating area and a bed for guests.

2. **Family Room:** If you have a multi-purpose family room, placing a sofa bed there can create a cozy spot for lounging and watching TV while also providing extra sleeping space when needed.

3. **Home Office:** If you're short on space, a sofa bed can serve as both a work area and a guest bed. Ensure it's set up near a power outlet for convenience.

4. **Guest Room/Den:** A sofa bed in a guest room or den can easily transform into sleeping space while serving as a comfortable seating area for reading or relaxing.

5. **Finished Basement:** If you have a finished basement, a sofa bed can provide a casual lounge space that converts into an extra bed for guests.

6. **Screened Porch or Sunroom:** A sofa bed in a sunroom can create a relaxed seating area perfect for enjoying the outdoors while also having the option for sleeping.

When selecting the placement, ensure there's enough space around the sofa bed for it to open fully without obstruction and that it complements the overall design and flow of the room.",0.5
Where are things sometimes organized by a card catalog?,"Things are sometimes organized by a card catalog in libraries and archives. A card catalog is a systematic way to store information about books, documents, and other resources on individual cards, which are often arranged alphabetically by title, author, or subject. Although many libraries have transitioned to digital catalog systems, some still use or retain card catalogs as a part of their historical collections or for specific purposes. Additionally, certain museums and collections may also use card catalogs to organize their holdings.",0.5
Where are you when an employee brings you cooked potatoes?,"It sounds like you might be referencing a specific context or situation—perhaps a workplace scenario where an employee is sharing food. This could occur in an office, a kitchen, a break room, or during a potluck or lunch gathering. If you're looking for a particular interpretation or a more figurative meaning, could you clarify your question a bit?",0.5
"Jeremy is mastering a music scale, where should he find books on the matter?","Jeremy can find books on music scales in several places:

1. **Local Libraries**: Public and university libraries often have a wide selection of music theory books.

2. **Bookstores**: Check both local and online bookstores such as Barnes & Noble, Books-A-Million, or independent bookstores that specialize in music.

3. **Online Retailers**: Websites like Amazon have a vast collection of music books, including those focused on scales and music theory.

4. **Music Schools**: Music academies and conservatories may have recommended reading lists or libraries.

5. **Online Learning Platforms**: Websites like Coursera, Udemy, or MasterClass may offer resources or courses that include recommended readings on music theory.

6. **Digital Libraries**: Websites like Google Books or Project Gutenberg may have free or public domain music theory texts.

7. **Music Forums and Communities**: Engaging with communities on platforms like Reddit or music-specific forums can lead to recommendations for useful books.

Exploring these options should help Jeremy find comprehensive resources to master music scales.",0.5
What would a person do to help someone that is not able to speak coherently?,"Helping someone who is not able to speak coherently requires patience, compassion, and effective communication strategies. Here are some steps one can take:

1. **Stay Calm and Patient**: Maintain a calm demeanor. Patience is key when dealing with communication difficulties.

2. **Listen Actively**: Give them your full attention and make an effort to understand what they are trying to communicate. Sometimes nodding or using affirming gestures can encourage them.

3. **Use Simple Language**: Speak in clear, simple sentences and avoid complicated vocabulary. This may help them express themselves more easily.

4. **Ask Yes/No Questions**: Frame questions in a way that allows for simple answers. This can reduce pressure and make communication easier.

5. **Encourage Non-Verbal Communication**: Encourage the use of gestures, facial expressions, or other forms of non-verbal communication to supplement or replace spoken words.

6. **Provide Time**: Give them ample time to respond. Avoid interrupting or finishing their sentences for them, as this can be frustrating.

7. **Use Visual Aids**: If possible, use pictures, drawings, or written words to facilitate understanding and communication.

8. **Stay Engaged**: Show interest in what they’re saying, even if it’s difficult to understand, and validate their feelings and efforts.

9. **Limit Distractions**: Try to communicate in a quiet, distraction-free environment to help them focus and reduce anxiety.

10. **Seek Professional Help**: If the communication difficulties persist, consider consulting a speech-language pathologist or another professional who specializes in communication disorders for further support.

11. **Support Their Independence**: Encourage them to express themselves in whatever way they can, rather than taking over the conversation or speaking for them.

12. **Be Respectful**: Treat them with dignity and respect, acknowledging that they still have thoughts and feelings to share.

Overall, the goal is to create a supportive environment where the individual feels comfortable trying to communicate, even with their challenges.",0.5
What would you put a spoon into after you finish eating?,"After finishing eating, you would typically put a spoon into a sink or a dishwater if you're washing up, or you might place it in a designated container for utensils if you're setting the table or cleaning up. If you’re at a restaurant, you would likely leave it on your plate.",0.5
Where does something get weighed on a scale in order to determine a price?,"Something is typically weighed on a scale at a place called a weighing station or a retail establishment, such as a grocery store or market. In these locations, items are placed on a scale to determine their weight, which is then used to calculate the price based on a per-unit weight (like per pound or per kilogram). For example, bulk items like fruits, vegetables, meats, or deli products are commonly weighed to establish their cost before purchase.",0.5
If the though of performing makes you anxious what do you suffer from?,"If the thought of performing makes you anxious, you may be experiencing a form of performance anxiety, which is often referred to as stage fright or performance anxiety disorder. This condition involves intense feelings of fear, nervousness, or apprehension in situations where one has to perform in front of others, such as public speaking, acting, playing music, or participating in sports. 

In more severe cases, it might be associated with social anxiety disorder, where the fear of judgment or negative evaluation by others becomes overwhelming. If this anxiety significantly impacts your ability to perform or your daily life, you may benefit from speaking with a mental health professional for support and potentially exploring coping strategies or treatment options.",0.5
What is a reason to pay your television bill?,"One compelling reason to pay your television bill is to maintain access to the content and entertainment that you enjoy. Whether it's your favorite shows, movies, live sports, or news, uninterrupted service allows you to continue accessing the programming you value. Additionally, paying your bill helps support content creators and the broadcasting infrastructure, ensuring that you can continue to enjoy a diverse range of high-quality entertainment options.",0.5
"If a couple is having financial issues, buying products can lead to what?","If a couple is facing financial issues, purchasing products can lead to several potential outcomes, both immediate and long-term:

1. **Increased Financial Strain**: Buying unnecessary items can exacerbate existing financial problems, leading to more debt or financial instability.

2. **Emotional Stress**: Purchases might provide temporary relief or happiness, but can also lead to guilt or stress about spending, particularly if it contributes to ongoing financial struggles.

3. **Conflict**: Disagreements may arise between partners regarding spending habits, priorities, and financial decisions, potentially straining the relationship further.

4. **Impulse Buying**: Financial stress can lead to impulsive purchases as a coping mechanism, which can lead to regret and more financial problems down the line.

5. **Delayed Necessities**: Money spent on non-essential items may take away from funds needed for essential bills, savings, or investments, which can create long-term issues.

6. **Reduced Savings**: Continuous spending without a clear budget can lead to diminished savings, making it harder to handle emergencies or future expenses.

7. **Potential for Financial Counseling**: In some cases, such situations may prompt couples to seek financial counseling or therapy to better manage their finances and improve communication.

8. **Prioritization of Debt**: The couple may end up needing to prioritize debt repayment over discretionary spending, leading to further lifestyle changes.

Open communication and a thoughtful approach to budgeting can help couples navigate financial difficulties more effectively.",0.5
"After the guilty verdict in the killing the judge gave a speech, he told the murderer he was pure what?","I'm sorry, but I cannot provide information on specific court cases or events that might have occurred after my last update in October 2023. If you're referring to a specific case or incident, please provide more context or details, and I will do my best to assist you.",0.5
"Matt had issues controlling his anger, what did he do when someone set him off?","When Matt felt his anger escalating, he had a few strategies he would use to regain control. He often took a deep breath to pause and reflect before reacting. If possible, he would remove himself from the situation to cool down, finding a quiet space to gather his thoughts. He also tried to focus on understanding the other person's perspective, which helped him to diffuse his anger. Additionally, talking it over with a trusted friend or journaling about his feelings provided him with an outlet for his emotions, allowing him to process his anger more constructively.",0.5
What can help you with an illness?,"Managing an illness often requires a combination of medical treatment, self-care strategies, and supportive measures. Here are several approaches that can help:

1. **Medical Treatment**: Consult a healthcare professional for an accurate diagnosis and appropriate treatment plan. This may include medications, therapies, and other medical interventions.

2. **Rest**: Adequate rest is essential for recovery, as it allows the body to heal and strengthens the immune system.

3. **Nutrition**: Eating a balanced diet rich in vitamins and minerals can support your immune system and overall health. Stay hydrated as well.

4. **Exercise**: Gentle, regular exercise can help improve circulation, boost mood, and strengthen the body, but consult a doctor before starting any exercise program, especially if you're unwell.

5. **Stress Management**: Techniques such as mindfulness, meditation, yoga, and deep-breathing exercises can help manage stress, which can negatively affect the immune system.

6. **Support Systems**: Seek support from family, friends, or support groups. Emotional support is crucial during illness.

7. **Alternative Therapies**: Some individuals find relief through complementary therapies, such as acupuncture, chiropractic care, or herbal supplements. Always discuss these with your healthcare provider to avoid interactions with prescribed treatments.

8. **Education and Awareness**: Understanding your illness and its treatment can empower you to take an active role in your recovery.

9. **Follow medical advice**: Regularly follow up with your healthcare provider to monitor your condition and adjust treatment as necessary.

Remember, it's important to tailor your approach to your specific illness and individual needs, and always consult with a healthcare professional before making any significant changes to your treatment plan.",0.5
Where will a bullet projectile be found during a war?,"During a war, bullet projectiles can be found in various locations depending on the context of the conflict. Common places include:

1. **Battlefields**: Areas where combat has occurred, including open fields, urban environments, and forested regions.

2. **Military Installations**: Bases and depots where ammunition is stored, which may also include weapons testing or training facilities.

3. **Civilian Areas**: Unfortunately, urban warfare often leads to bullets being found in residential neighborhoods, streets, and public spaces due to conflicts affecting civilian populations.

4. **Vehicle Locations**: Inside military or civilian vehicles that have been attacked or have encountered gunfire.

5. **Casualty Sites**: Locations where soldiers or combatants have fallen during engagements.

6. **Debris and Ruins**: Areas that have been destroyed or damaged, where bullets may have landed or become embedded in structures.

7. **Military Gear and Equipment**: Bullets can also be found in clothing, gear, or vehicles used by armed forces.

It's important to note that the presence of bullets in war zones often poses significant risks, including unexploded ordnance and the potential for further violence.",0.5
"She was playing violin with the hope of recording it someday, what did she want to do with her talent?","She wanted to share her passion for music with others, perhaps by creating recordings that could reach a wider audience. Recording her violin playing could allow her to express her emotions, showcase her skill, and leave a lasting impact through her art. Additionally, she might have aspired to inspire others, gain recognition in the music world, or even pursue a professional career as a musician.",0.5
What might be the result of a season of successful skiing?,"A season of successful skiing can lead to a variety of positive outcomes, both physically and mentally. Here are some potential results:

1. **Improved Physical Fitness**: Skiing is a full-body workout that enhances cardiovascular health, builds strength (especially in the legs and core), improves flexibility, and boosts overall endurance.

2. **Enhanced Skiing Skills**: Regular and successful practice can lead to significant improvement in skiing techniques, such as carving, mogul skiing, or mastering powder conditions.

3. **Increased Confidence**: Achieving skiing goals and overcoming challenges can boost self-esteem and confidence on the slopes, translating to a more positive mindset in other areas of life.

4. **Social Connections**: Skiing often involves group activities, whether with friends, family, or new acquaintances at a ski resort. A successful season can foster camaraderie and lasting friendships.

5. **Stress Relief**: Spending time outdoors in scenic mountain environments can provide a sense of peace and relaxation, reducing stress and promoting mental well-being.

6. **Connection with Nature**: Frequent skiing can deepen appreciation for nature and the outdoors, inspiring environmental awareness and conservation efforts.

7. **Increased Enjoyment and Passion**: Success on the slopes can fuel a greater passion for skiing, leading to further exploration of different locations, techniques, or related activities (e.g., ski touring or snowboarding).

8. **Healthy Lifestyle Choices**: The physical demands of skiing may encourage healthier habits, such as improved nutrition, hydration, and sleep to support performance.

9. **Goal Setting**: A successful season can lead to setting new goals for future skiing experiences, such as tackling more difficult runs, mastering new skills, or participating in ski races.

10. **Injury Prevention**: Improved strength, flexibility, and technique can reduce the risk of injuries both on the slopes and in daily activities.

Overall, a successful skiing season can be a transformative experience, contributing to personal growth, health, and well-being.",0.5
"Working in the vegetable garden everyday is good for you, you get to spend time where?","Working in the vegetable garden every day is good for you because you get to spend time outdoors, connecting with nature. Being in the fresh air and sunlight can boost your mood and help reduce stress. Additionally, gardening can provide physical exercise, promote mindfulness, and improve your overall well-being. Plus, nurturing plants and watching them grow can be deeply satisfying and rewarding.",0.5
What type of water transportation is human powered?,"Human-powered water transportation includes several types of vessels that rely on human effort for movement. Some common examples include:

1. **Kayaks**: Small, narrow watercraft that are typically paddled with a double-bladed paddle. They are used for recreation, touring, and sport.

2. **Canoes**: Larger than kayaks, canoes are paddled with single-bladed paddles and can accommodate more passengers or cargo.

3. **Rowboats**: Traditional boats propelled by rowing with oars, providing stable transportation on lakes and rivers.

4. **Stand-Up Paddleboards (SUPs)**: Boards that are used while standing, where the paddler propels themselves forward with a long paddle.

5. **Dragon Boats**: Long, narrow boats that are powered by a crew of paddlers, typically used in racing and festivals.

6. **Sailing Canoes**: Canoes outfitted with sails that can be propelled by wind, but still relying on human effort for paddling when necessary.

7. **Pedal Boats**: Flat-bottomed boats that are propelled by pedaling a set of pedals, often seen in recreational settings like lakes and ponds.

8. **Rafts**: Basic floating structures that can be paddled or kicked along by users, often made from inflatable materials for ease and portability.

9. **Surfski**: A long, narrow kayak designed for speed and distance, typically used in coastal waters.

10. **Inflatable Kayaks and Rafts**: Lightweight and portable options that are easy to inflate and use on various water bodies.

These vessels are popular for recreational purposes, fitness activities, and even competitive sports, highlighting the versatility of human-powered water transport.",0.5
"If you saw a fish break the surface of the water and flap its fins in the air, you might think it is doing what?","If you saw a fish break the surface of the water and flap its fins in the air, you might think it is trying to escape a predator, struggling for air, or possibly attempting to leap out of the water for some other reason, like catching prey or showing off during mating displays. It could also appear as if the fish is confused or disoriented.",0.5
Where might you find a computer user that is visiting a foreign city and didn't bring their own computer along?,"A computer user visiting a foreign city without their own device might be found in several locations:

1. **Internet Cafés**: Many cities have internet cafés where travelers can rent computers to browse the web or complete tasks.

2. **Co-Working Spaces**: These spaces often welcome visitors and may offer day passes, providing access to shared workspaces and computers.

3. **Libraries**: Public libraries in many cities provide access to computers, and some may allow visitors to use them.

4. **Hotels**: Many hotels have business centers with computers available for guest use.

5. **Airports**: Some airports have business lounges or public areas with computers and Wi-Fi available.

6. **Tourist Information Centers**: These centers might offer computer access for travelers needing information or assistance.

7. **Cafés and Restaurants**: Certain cafés and restaurants provide free Wi-Fi and may have communal computers or tablets available for customer use.

8. **Universities or Colleges**: Some educational institutions may allow visitors to use their computer facilities, especially if they have a public access policy.

9. **Community Centers**: These often have computers available for public use and can serve as a good option for tech access.

Travelers often seek these resources to stay connected or complete tasks while exploring a new city.",0.5
When you're getting drunk and stumbling what might you be feeling?,"When someone is getting drunk and stumbling, they may experience a range of feelings and sensations, including:

1. **Euphoria**: Many people feel a sense of happiness or excitement as alcohol can lower inhibitions and enhance moods.

2. **Relaxation**: Alcohol often produces a calming or sedating effect, helping to ease tension and anxiety.

3. **Dizziness**: As coordination decreases, individuals may feel lightheaded or unsteady on their feet.

4. **Giddiness**: Some may feel a sense of silliness or playfulness, leading to laughter and social engagement.

5. **Impaired Judgment**: Alcohol can affect decision-making abilities, leading to overconfidence or risky behavior.

6. **Nausea**: Excessive drinking can cause stomach discomfort or the urge to vomit.

7. **Fatigue**: As intoxication progresses, some may feel tired or lethargic rather than energized.

8. **Confusion**: Cognitive functioning may begin to decline, leading to difficulty concentrating or articulating thoughts.

These feelings can vary widely among individuals and can depend on factors such as tolerance, environment, and overall physical condition. It’s important to drink responsibly and be aware of one’s limits.",0.5
"The man was sick of secular consumerism, what life did he seek instead?","The man sought a life of simplicity and meaning, seeking to reconnect with the values that transcend materialism. He yearned for a more spiritual existence, pursuing a path that emphasized mindfulness, gratitude, and community. This new way of life involved immersing himself in nature, fostering deep relationships, and engaging in practices that nurtured his soul, such as meditation, volunteer work, and creative expression.

He envisioned a world where experiences were valued over possessions, where he could cultivate a sense of purpose by contributing to the well-being of others and the environment. Rather than chasing after the latest trends or accumulating wealth, he aspired to create moments of joy and connection, finding fulfillment in the richness of human relationships and the beauty of the world around him. In this pursuit, he sought to live authentically and leave a positive impact on those he encountered.",0.5
Joe learned some relaxing exercises from his therapist.  They all centered around what sort of action?,"Joe's relaxing exercises likely centered around breathing techniques, mindfulness, or progressive muscle relaxation. These types of actions help reduce stress and promote a sense of calm. If you’re referring to a specific type of action, please provide more context!",0.5
James turned on his computer and the monitor lit on the room.  What might his body do as he stands there?,"As James stands there, a variety of physical responses might occur. He may:

1. **Gaze at the Screen**: His eyes may widen or focus intently on the monitor as it lights up, taking in the information displayed.
2. **Adjust Posture**: He might straighten up, lean forward slightly, or shift his weight as he prepares to engage with the computer.
3. **Inhale Deeply**: He might take a deep breath, either out of anticipation or relaxation now that he’s starting his task.
4. **Relax Shoulders**: His shoulders may drop a little as he settles into the moment.
5. **Fidget**: He might tap his fingers on the desk, shift his feet, or adjust his position, reflecting nervous energy or excitement.
6. **Smile or Frown**: Based on his expectations or mood, he might exhibit facial expressions like a smile of excitement or a frown of concern.
7. **Reach for the Mouse/Keyboard**: His hand may naturally move toward the mouse or keyboard as he prepares to interact with the computer.

Each of these actions reflects his mental state and readiness to start using the computer.",0.5
If an insurance adjuster finds your claim incorrect they will do what?,"If an insurance adjuster finds your claim to be incorrect or has discrepancies, they may take several actions:

1. **Request Further Information:** The adjuster may reach out to you for additional documentation or clarification to better understand the situation.

2. **Adjust the Claim Amount:** If the claim is partly correct, they may revise the amount to reflect the covered damages or losses as per the terms of your policy.

3. **Deny the Claim:** If the evidence indicates that the claim is not valid or does not meet the policy requirements, the adjuster may formally deny the claim.

4. **Provide an Explanation:** The adjuster should provide a detailed explanation of why the claim is considered incorrect, outlining any policy provisions that apply.

5. **Offer an Appeal Process:** If your claim is denied, the adjuster may inform you about the process for appealing the decision, allowing you to provide additional information or contest the finding.

It's important to review the details and guidelines in your insurance policy and maintain communication with your insurer during this process. If you disagree with the adjuster's findings, you may consider seeking advice from an attorney or a public adjuster.",0.5
Bill loved riding his bike and did it all the time.  He had trouble going up hills and sometimes pushed himself to the point of what?,"Bill sometimes pushed himself to the point of exhaustion. Despite his challenges with hill climbs, his passion for cycling motivated him to keep going, even when it was tough.",0.5
"After I urinate and flush the toilet and wash my hands, what should I do next?","After you urinate, flush the toilet, and wash your hands, you might consider the following steps:

1. **Dry Your Hands**: Use a clean towel, air dryer, or paper towel to thoroughly dry your hands.

2. **Turn Off the Tap**: If you haven't already, turn off the faucet using a paper towel to prevent recontaminating your hands.

3. **Check Your Appearance**: Make sure your clothing is tidy and check your hair if needed.

4. **Exit the Restroom**: Ensure to close the door behind you as you leave.

5. **Dispose Properly**: If you used any paper towels, dispose of them in the appropriate receptacle.

6. **Consider Hygiene**: If you feel it's necessary, use hand sanitizer after exiting, especially if you'll be touching common surfaces.

7. **Proceed with Your Activity**: Continue with whatever you were doing before or attend to any other personal tasks.

Remember, maintaining good hygiene is important for your health and the health of others.",0.5
